review_id,reviews.title,reviews.text,reviews.rating,sentiment_rating,human_sentiment,human_category,annotator,notes
R01060,The case itself is amazing. It looks good One person found this helpful. Was this review helpful to you Yes No,"I own the Merlot cover since it came with my Kindle Oasis. After paying near 300 for device and original cover I was hoping replacements would eventually come out. So when they did....I saw the 90 price tag and immediately became saddened. This was probably already in the works but, it was an idea I submitted to Amazon when I made my original purchase. The price is simply outrageous! The case itself is amazing. It looks good, smells good, and feels good. But, I can't afford this!",3,Neutral,Neutral,Price complaint,,
R00250,It is a pretty large charger though and doesn't fit in the kindle ...,"Very expensive charger. I think the kindle should come with it as does all other tablets, including the fire, which is way cheaper and includes the charger for just 50. It is a pretty large charger though and doesn't fit in the kindle box with the kindle, at all.",4,Positive,Negative,Product quality issue,,
R00409,Great look for Dot.,A great looking cover for the Echo Dot. It gives the Dot a softer and more elegant look. I feel that it is a little pricy for what you get but I do not regret my decision to buy this case.,5,Positive,Positive,Other,,
R01076,Awesome Headphones! Longevity An Issue 802 people found this helpful. Was this review helpful to you Yes No,"While I've purchased items from Amazon for years, I rarely write reviews. I felt compelled to write one because, although there are only a few reviews at this point, I have never seen such a good product get such bad reviews. I'm hoping as more people purchase these, the star rating will be more accurate of the product itself. I'll address the three biggest complaints I've read from others:Sound Quality: I think these headphones sound great. I've never owned an expensive pair so I'm not able to compare them to higher-end offerings, but I've owned dozens of cheap and mid-range headphones in the 15-50 range. I'm not an audiophile or a musician so if I'm missing something that should be coming through, but isn't, I'm fine with my ignorance. I would say they're slightly better than Apple's buds (which I liked very much and used for years, most recently using their redesigned ones for about a year). There's no tinny, listening through a can sound that's all-too-common with headphones in this price range. As far as people saying they don't compare to Apple's buds, well I don't know, maybe they have some crazy exclusive version of Apple's buds that are amazing. But compared to the regular earpods, I think Amazon's headphones actually sound a bit better. They provide a nice, full sound and represent highs, lows and mids equally well (mainly listening to metal).Fit and Feel: Some people have complained about these falling, or feeling like they're going to fall, out of their ears. There's some validity to this, although obviously it depends on your specific ears. I don't feel like they're going to fall out at all, but if I give the cord a tug, they don't stay as secure as my Apple buds.Read more",3,Neutral,Neutral,Product quality issue,,
R00015,"I Wanted a Dedicated E-Reader, and That's What I Got 3,129 people found this helpful. Was this review helpful to you Yes No","I'm a first-time Kindle owner, so I have nothing to compare the latest Kindle to. I don't own a Nook. I don't own an iPad (and, in any case, that's comparing apples to oranges). I don't have a Sony e-reader. 'This will be a short, simple review.I received my Kindle about a week ago and haven't been able to put it down.Things I like about my Kindle1. The e-ink display is amazing.2. Using the 5-way controller is simple and effective.3. Page turn speeds are faster than I thought they would be.4. It's lightweight, even with the attached cover (I have an Amazon cover with a built-in light)5. Page-turning buttons are quiet and well-placed.6. Recharge time is fast.7. I can order a book and start reading it in less than 60 seconds. Nice!8. Portability... I can take 3,000 books with me when I travel for work and not require additional suitcases or baggage fees.Things I'm not too keen on1. Buttons are too close together and are laid out oddly.2. Lack of individual number buttons is frustrating.3. Power button on the bottom Not a bad thing. Just an odd thing. (Same for the headphone input). I usually rest the bottom of a book on my lap when I read.Things I hope change in the future1. How books are organized... When I put a book in a collection (which is actually a tag), it still appears in the main list. It's not actually moved, it's merely associated.2. The look of the main screen. I'd like folders or some other way to display collections.3. Ability to create personal screen savers.4. E-book pricing, though Amazon has little control over this. Still, most titles are the same price as or less than their hardback/paperback counterparts.Read more",4,Positive,Positive,Feature request,,
R01039,Worked great... For less than two months. One person found this helpful. Was this review helpful to you Yes No,"Ordered on April 16th, installed on my phone on April 21 and last Saturday (June 6th) on a warm Tucson day it just fell off. Landed on the car mat an all of the glue section was instantly covered in dirt. Washed it off with cool water only, let air dry and it won't stick back on. It's supposed to be washable and re-usable. Don't waste your money on this piece of trash. I expected it to last a lot longer than two months.",1,Negative,Negative,Product quality issue,,
R00112,Updated review (after 2 months)...,"I am updating my review from two months ago.. My initial review for the sling cover was based on first impressions after just receiving it. Today I have been using the Tap and sling daily for over the last two months and I felt like I needed to modify my review. I originally did not recommend this product, but after living with it, and growing to like it, I am changing my recommendation.The truth is, the base and top feel more protected than the appearance would have you believe. I have dropped it a couple times and it was protected by the sling. I think the rubber absorbs most of the force of the fall. Also, it has been sat into a puddle and the bottom is protected by the rubber sling.I initially was upset by the sling preventing me from charging on the charging dock, but it isn't as big of a problem as I thought it would be. I just pull off the bottom of the sling and charge it (leaving the top of the sling on). easy off and easy back on after.My only real lingering complaint would be the price. 20 for essentially a thin piece of rubber wrapping the top and bottom still seems a little excessive. I am increasing my stars by one. Really the price is the only thing keeping this from a 5 star for me. I have come to really like the sling. I have also bought a cheap pouch to throw it into while transporting it. That has eased my concerns about keeping it clean/safe while throwing it into a work bag.My original is below. Overall, I would (and have) recommended the sling to protect the Tap.Received the Tap and the Sling cover in the last 24 hours.Read more",4,Positive,Positive,Price complaint,,
R00089,"Detailed review of the Fire HD 7 - A great entry-level tablet at a great price! 1,","The Fire HD 7 is a great entry-level Fire Tablet that includes a 7 1200x800 216 ppi pixel density display. Pixel density wise, this is the lowest off all the Fire Tablets but is still decent enough where you're going to get a nice picture on the display. It's by no means an iPad killer or Galaxy Tab killer and you really shouldn't purchase it for that purpose. This particular model is really tailored to reading Kindle books, streaming video, browsing the web, checking email, and so forth. Bottom line, It's a great deal at 139. I'm going to compare the features of the HD 7 with the features of the other Fire Tablets to help you make an informed decision on which model to go with:*** DISPLAY ***The display is a 7 1200x800 resolution display with a 216 ppi pixel density which is not great, but not horrible either. It is the lowest pixel density of all the Fire Tablets with the Fire HD 6 coming in at 252 ppi, the Fire HDX coming in at 323 ppi, and the Fire HDX 8.9 coming in at 339 ppi. The human eye really can't distinguish individual pixels beyond a density of about 300 ppi so you're not going to be getting a noticeably pixelated display by any means. All in all, this is a nice display.*** PROCESSOR, GPU, AND ON-BOARD STORAGE ***The Fire HD 7 comes with a respectable 1.5 GHz quad-core processor with enough power to run almost all of your content with ease, including smooth video playback. It comes with a mediocre 1 GB of RAM which really is not sufficient in my opinion but it is what it is. THis is not an iPad or Galaxy Tab killer by any means, but it gives you just enough power to use the essential Amazon services you need.The HD 7 is substantially less powerful than the Snapdragon 2.2 GHz and 2.Read more",5,Positive,Positive,Other,,
R00349,"HD Fire 6 is great for the price! 3,555 people found this helpful. Was this review helpful to you Yes No","For the low price, this tablet really does more than expected! The camera isn't great however, I always use my phone for a camera so that doesn't effect me. Here are some of the pros and cons:Pros: Low cost yet high tech Great screen quality (of course there is better out there, but it looks great as is) Smooth and responsive Easy access to amazon prime content Easy to wirelessly share content to a TV Battery life Web browser works greatCons: Doesn't have some apps android users are used to having Camera quality isn't great and no flash Less 'extra features' than some higher priced tablets haveI opted to go with the 16gb version with no ads. The ads aren't a big deal, but I figured I would pass on having them on my screen. No matter what version you pick, they all do the same things. The gigs may or may not matter to you. 8 and 16 gigs both aren't very large, but if you want to predownload some tv shows, movies, music before a vacation, then you may want to look into getting the larger 16gig. If you will always have internet connection, then it isn't much a problem since you have unlimited cloud storage and can download to your device or stream at anytime you have internet.Overall... If you want an Amazon tablet, and you want the best, go with the HDX series. However, if you want an amazing tablet but don't want to spend as much, then these new HD 6 7 series are great! For me and my uses, the HD 6 is the perfect fit.I would suggest the 6 over the 7 for most buyers. The only 2 things the 7 has over the 6, are a larger screen, and dual speakers. Sure the dual speakers is kind of nice, but the screen is actually lower quality than the 6.Read more",5,Positive,Positive,Other,,
R00133,"After considering the price to purchase 3 of them and checking out the apps my husband and I were pretty sure we would purchase 1,","I purchased 3 of these Kindle kids edition tablets for my toddlers (ages 4,3,2 years old) And 1 non kids edition one for our older child for Easter. I was quite nervous that they'd break or the cases wouldn't be durable or that they wouldn't be able to use the apps they'd been using on my Samsung Tab S.After considering the price to purchase 3 of them and checking out the apps my husband and I were pretty sure we would purchase them. Then I came across the warranty. 2 year worry free guarantee! Are you kidding me I knew there had to be a catch, I couldn't find one and at that point we were convinced it would be a good investment.I ordered 3 (at the time pink and blue were our only color choices) So we have 1 pink and 2 blue. Which has caused a host of issues on the toddler level (identifying who's tablet is who's as you can imagine)They were easy to set up and create their own profiles and add apps to each of their tables . I love the unlimited freetime, they've had their tables for a few months now and can completely work them themselves and download the apps/movies/books that they want. I don't have to do it for them (with the exception of my 2 year old of course). I was able to link our Disney movies anywhere account with our Amazon account and now they can access all of our Disney digital movies on their tables! Which was a huge win for us! I do wish that Amazon could figure out a way for us to be able to link our Ultraviolet movies, it's a huge bummer that Amazon doesn't offer any app to make that possible. I also love that I can login to my Amazon account and send apps/movies etc to their tablets as I see fit, I can locate and page their tables when they are misplaced and remote lock them if I need to .Read more",4,Positive,Positive,Other,,
R00463,"Good as a first Paperwhite, not worthy of an upgrade 12,","This review is for the second generation Kindle Paperwhite. Like all kindle e-readers before it, this is a great product. However, I am a bit disappointed as there is not a huge improvement over last year's model. For this review, I focused on features and enhancements exclusive to the new Paperwhite and tried to make comparisons to last year's model. Also, I found somethings misrepresented or confusing in the advertising, so I will try to clear them up.HARDWAREDesign - The Kindle white has a nice look and shape. It fits well and is easy to hold in one hand. It's fairly light, so it doesn't tire the hands too much. I can grip it for long periods before having to switching hands. Its design is very similar to the previous Paperwhite - almost identical. The height and width are the same, the buttons are in the same location, and although this version is slightly lighter, it is not noticeable.Display - Although not a huge improvement from last year's model, the display is one of the best features of the Paperwhite. Like most e-readers, the Paperwhite uses digital ink technology. This model employs a more advanced version. In addition, the lighting has been upgraded, so among other things, it is more evenly lit. Together, they make for incredible viewing. In my opinion, it's one of the best digital ink e-reader display on the market. I really enjoy reading on it, text look very sharp and crisp, with little to no eye strain.Processor - The Paperwhite has an upgraded processor, which means smoother page turns and navigation. I am able to open books, flip pages, and navigate menus fairly quickly. There is barely any lag as I flip through many pages at a time. Also, the flashing effect when turning pages shows up less if at all.Read more",3,Neutral,Neutral,Product quality issue,,
R00877,Its ok for the price,I prefer spending the extra $70 or $80 to get the echo,4,Positive,Neutral,Product quality issue,,
R00651,Good sound but you have to tap it,I would go for the Echo because you can talk to it. The tap you have to touch it before you can talk to it. The speaker is good though for it's size.,4,Positive,Neutral,Feature request,,
R00132,Great look for Dot.,A great looking cover for the Echo Dot. It gives the Dot a softer and more elegant look. I feel that it is a little pricy for what you get but I do not regret my decision to buy this case.,5,Positive,Positive,Other,,
R01139,Awesome Headphones! Longevity An Issue 775 people found this helpful. Was this review helpful to you Yes No,"While I've purchased items from Amazon for years, I rarely write reviews. I felt compelled to write one because, although there are only a few reviews at this point, I have never seen such a good product get such bad reviews. I'm hoping as more people purchase these, the star rating will be more accurate of the product itself. I'll address the three biggest complaints I've read from others:Sound Quality: I think these headphones sound great. I've never owned an expensive pair so I'm not able to compare them to higher-end offerings, but I've owned dozens of cheap and mid-range headphones in the 15-50 range. I'm not an audiophile or a musician so if I'm missing something that should be coming through, but isn't, I'm fine with my ignorance. I would say they're slightly better than Apple's buds (which I liked very much and used for years, most recently using their redesigned ones for about a year). There's no tinny, listening through a can sound that's all-too-common with headphones in this price range. As far as people saying they don't compare to Apple's buds, well I don't know, maybe they have some crazy exclusive version of Apple's buds that are amazing. But compared to the regular earpods, I think Amazon's headphones actually sound a bit better. They provide a nice, full sound and represent highs, lows and mids equally well (mainly listening to metal).Fit and Feel: Some people have complained about these falling, or feeling like they're going to fall, out of their ears. There's some validity to this, although obviously it depends on your specific ears. I don't feel like they're going to fall out at all, but if I give the cord a tug, they don't stay as secure as my Apple buds.Read more",3,Neutral,Positive,Other,,
R00179,"I sent this one back / And if you eat- or couch-read / The Voyage works best 2,","I am a fairly voracious reader - 120+ books/year, almost all on Kindle. I have purchased every Kindle edition as soon as it was announced. The price doesn't bother me too much, as I figure with as much as I read, I make the money back by buying Kindle vs. hardcover books (since I mostly read new releases). This is the first Kindle that I sent back though.It's not that the Oasis isn't great - it is. The display is slightly crisper than previous Kindles. It's not that it isn't set up well - the buttons are placed well and easy to use, and the touch screen works fine. It's really just a matter of personal preference. I love to read while I have coffee in the morning and while I'm eating lunch at work, and because of that I love the origami case that the Voyage has. It's hard to read the Oasis hands-free, especially if you are used to the Voyage. Also, when reading while laying down, I switch hands unconsciously a couple of times a minute. I didn't realize this until I used the Oasis, because with the Oasis you have to flip the Kindle over, which may not seem like a big deal, but it definitely does not create a seamless reading experience.So if you like to read while eating or laying down then you are probably better off using the Voyage. If you want the best looking read, then the Oasis is great. And regardless, you are better off reading any Kindle than you are watching the garbage on TV!",3,Neutral,Negative,Product quality issue,,
R00298,Pricey One person found this helpful. Was this review helpful to you Yes No,"The case does what it is supposed to do. I think because I bought the tablet, Amazon should have reduced the price of case. Too pricey but I wanted a perfectly fitted case and not something that would or would not be compatible.",3,Neutral,Negative,Price complaint,,
R00236,amazon billing deceptive practices,"Amazon billed my credit card prematurely on payment date for monthly installment andhave no way to contact amazon to request due date on account, not happy at all amazondeducted my payment earlier than agreed terms.",4,Positive,Negative,Customer service issue,,
R00264,Doesn't hold up to description price too high for what it is,"The case is cute and a nice color, fabric is nice, seems it will hold up. Problem is it doesn't stand up as described, mine doesn't stand up at all. Priced is too high for what it is in my opinion. I wouldn't buy this case again",3,Neutral,Negative,Price complaint,,
R00721,Great speaker and portable,"Works great if you plan to have it in arms reach. You have to physically tap it to ask Alexa. Store rep knew what we wanted it for and never told us you had to tap, not voice activate. Returned to wait for indefinite out-of-stock Echo to get in eventually.",5,Positive,Positive,Other,,
R00542,"Full Size, yet portable","I read reviews for all the Amazon echo products, and decided the portability and the full size of the Tap made it the right product for me. It lives up to my expectations. It does last all day, playing music, answering questions, (although my accent must give it some problems as I get a few ""I didn't understand that"" comments from Alexa), and setting timers/alarms and lists. I picked the Tap because it has the ability to be moved room to room or even to the patio, and can be recharged overnight.",5,Positive,Positive,Other,,
R00980,Amazing Speaker,So i was looking for a bluetooth speaker for my part time job. A guy i work with at bestbuy showed me his amazon tap speaker and it was awesome! I loved u can hook it up via wifi and stream music and such. Its portable its got clean and crisp sound. It also can leave the phone i had my phone placed upstairs and i was in the basement with the speaker and it was still connected. Its very easy to use i have no complants about this speaker at all,5,Positive,Positive,Other,,
R00014,great kindle,Received my new kindle in perfect condition and I am very happy it is faster and a clearer it has a. bigger had drive at a good price and a fast delivery that you can count on you can not go wrongThank you,5,Positive,Positive,Other,,
R00507,It meets my needs,"The more I use this, the more reasons I enjoy it. The staff were great and helped me set it up.",4,Positive,Positive,Other,,
R01108,Awesome Headphones! Longevity An Issue 803 people found this helpful. Was this review helpful to you Yes No,"While I've purchased items from Amazon for years, I rarely write reviews. I felt compelled to write one because, although there are only a few reviews at this point, I have never seen such a good product get such bad reviews. I'm hoping as more people purchase these, the star rating will be more accurate of the product itself. I'll address the three biggest complaints I've read from others:Sound Quality: I think these headphones sound great. I've never owned an expensive pair so I'm not able to compare them to higher-end offerings, but I've owned dozens of cheap and mid-range headphones in the 15-50 range. I'm not an audiophile or a musician so if I'm missing something that should be coming through, but isn't, I'm fine with my ignorance. I would say they're slightly better than Apple's buds (which I liked very much and used for years, most recently using their redesigned ones for about a year). There's no tinny, listening through a can sound that's all-too-common with headphones in this price range. As far as people saying they don't compare to Apple's buds, well I don't know, maybe they have some crazy exclusive version of Apple's buds that are amazing. But compared to the regular earpods, I think Amazon's headphones actually sound a bit better. They provide a nice, full sound and represent highs, lows and mids equally well (mainly listening to metal).Fit and Feel: Some people have complained about these falling, or feeling like they're going to fall, out of their ears. There's some validity to this, although obviously it depends on your specific ears. I don't feel like they're going to fall out at all, but if I give the cord a tug, they don't stay as secure as my Apple buds.Read more",3,Neutral,Positive,Other,,
R00520,Great product but requires Amazon membership...,If you want to listen to music you will have to sign for Amazon unlimited or Prime which is very expensive. Pandora does not work too well with this device as it does with Google Home.,4,Positive,Positive,Other,,
R00429,"More evolutionary than revolutionary, but worth the upgrade 11,","This is the fifth e-ink Kindle reader that I've bought. My wife and I were early adopters of Kindle, and when we buy a new Kindle, the old one goes to the next niece or nephew in line. I loved the original Paperwhite, with its small size, touch screen, front-lighting, and virtual keyboard. The all-new Paperwhite is a definite step up, and for me, it was worth the move, but others will have to decide for themselves. If you read a lot, and you don't already have one of the newer e-ink Kindles, it's definitely worth upgrading to the Paperwhite. If you have the original Paperwhite, the upgrade is well worth considering. Although I've only had the new Paperwhite a few hours, I'm already glad I upgraded. Here's a summary of my initial impressions of the new Paperwhite.SIZE: It's the same size as the original Paperwhite - 6.7x4.6x0.36. The weight has been reduced slightly from 7.8 ounces to 7.3 ounces. The Paperwhite is very comfortable to hold in one hand, which is how I usually read. The really good news is that if you have a case for the original Paperwhite, it will also fit the new one (thank you, Amazon). If you buy a case, I highly recommend that the case include the magnetic AutoWake function. It's much easier to turn the Kindle on and off without fumbling for the small power switch.LIGHTING: The front-lighting is noticeably improved over the original Paperwhite, which had slightly visible shadows coming from the bottom edge where the LED lights were located. (It didn't bother me, but some readers were annoyed by that.) I couldn't see any shadows in the new Paperwhite, where the lighting appears brighter and more uniform. With the Paperwhite's front lighting, you'll never need a clip-on light, even in total darkness.Read more",5,Positive,Positive,Other,,
R00473,"Excellent 3rd-generation tablet that compares favorably to the competition 6,424 people found this helpful. Was this review helpful to you Yes No","This is the middle model of the three models that Amazon is shipping this year: the Kindle Fire HD, the Kindle Fire HDX (this tablet), and the Kindle Fire HDX 8.9. This is the successor for last year's Kindle Fire HD but with an updated operating system and new features, a redesigned shell (with the power and volume control buttons more readily accessible), an absolutely amazing display, superb sound, an included power adapter, and the new Mayday feature.Update: Some users are reporting a bluish glow around the edges of the screen for the HDX. If you search on YouTube for HDX Blue Haze, you can find a video showing the issue. Amazon has updated their Learn More link with the following info:To achieve the perfect color accuracy on Kindle Fire HDX 7 at the lowest possible battery consumption and device weight, we used blue, not white, LEDs. Blue LEDs allow for a much more accurate and rich representation of color and result in an up to 20 improvement in power efficiency.As a result of using these blue LEDs, you may notice a very narrow, faint blue tint around the edge of the device when looking at items with a white background, such as books or web pages. All displays have some level of light emission around the edges, and the light on the Kindle Fire HDX 7 is blue due to the technology used to render perfect color accuracy.If this is something that you think would bother you, I'd recommend taking a look at the YouTube video or taking a look at the HDX at a local Best Buy or office superstore. I've also uploaded a user image here of my HDX with a book loaded so that you can see the blue glow (http://www.amazon.com/gp/customer-media/product-gallery/B00DOPNO4M/).Read more",5,Positive,Positive,Other,,
R00305,An excellent choice for a good looking and durable case to protect Amazon's new Fire HD 8 tablet,"Over the years, I've tried a variety of cases for the various models of Kindle and Fire tablet that I've purchased from Amazon. While I've found a few third party covers that have been durable and attractive, I found myself coming back to Amazon's own product when I purchased one of their new 8 Fire HD tablets, and I'm pleased with it.This is a very good quality cover, it fits well, and it provides support to the tablet both in landscape and portrait orientation. It's made of fabric on the outside, with a microfiber inner lining to protect the screen of the tablet when the cover is closed. It matches the color of the Fire tablet perfectly.My only hesitation in purchasing it was the price - the case all by itself is nearly half the price of the Fire tablet! But I suppose that says more about how cheap the tablet is, than how expensive the case is (kind of).Still, I decided to spend the money for this case. The tablet needs the protection and I know from experience that Amazon's cases are durable and will last for a long time (I've used my original Kindle Paperwhite - first generation model - with the Amazon leather case since it was first purchased).I'll post some photos of the cover to show how it is packaged and how it looks on the tablet. I'm very satisfied with it. Notice how the speakers are visible at the top of the tablet when it is propped up in landscape mode.",5,Positive,Positive,Price complaint,,
R00287,"Do you just want to read a book Than this is the kindle for you! 4,","I have owned a Kindle for several years now. I have had the 2nd generation Kindle and I have had the Kindle Keyboard. When my mom expressed interest in getting a Kindle I decided to give her my Kindle Keyboard because she doesnt have Wifi in her house and my older Kindle Keyboard had 3G, which is what she needed. And I decided to buy the Basic Kindle for myself because (1) I didnt want to wait for the Paperwhite to come out and (2) I just needed Wifi and (3)and most importantly I JUST WANT TO READ A BOOK, not listen to text-to-speach, or go shopping on Amazon, or listen to music, etc. All I want to do is read a book...thats it! This Kindle is perfect for that. Its smaller and lighter, the pages turn faster than the Keyboard version, it basically has everything I need to download a book and read a book with a much better price than the Paperwhite or Keyboard. Yes, you have to navigate through the keyboard on this kindle with a 5-way controller, but I rarely use the keyboard anyway. To download a book, I just search and buy books on my computer and send them to my Kindle...which is much quicker no matter what version of Kindle you have. So if you dont need, want, or use all the extras then I would definitely recommend the Basic Kindle for 69 with special offers, because who really pays attention to the screen savers anyway.",5,Positive,Positive,Other,,
R00127,Great case with minor design flaws,"I love everything about this case except for how it fits on the Echo Dot. I was expecting a snug fit however, it is very lose and so you have to make sure that if you pick it up to move it (and the power cable is disconnected), the dot will fall out of the case.",4,Positive,Positive,Feature request,,
R00151,Slowest Fire Sold,I've owned several different tablets. This one is by far the slowest. And I don't mean it's a little slower. I mean you have to wait up to 2 minutes sometimes for the apps to load onto the screen. Opening apps can be quick or take up to 3 minutes. I've had far more issues with this Fire than any of the others we've owned. If I had realized the difference in speed I would have kept my old one. It's definitely not work the larger screen. It's a crap shoot on a daily basis on how fast it will be. But even on it's fastest day it's significantly slower than the others.,3,Neutral,Negative,Product quality issue,,
R00413,Parents with young kids - this is worth it,"We have always used Samsung tablets and so this took a little while adjusting how to navigate.So, far we have been using this for about a week and it does take some time to set-up. You will need to go through and make sure all the settings are correct for your kid, and this will take some time (I think the effort is worth it)This review is specifically for the Kids Edition tablet:The tablet:The tablet itself, is a good size for my (almost) 3 yr old. It is not heavy and seems to be the right size for him to handle. The protective case has definitely done its job because we have already had a couple of incidents. (update: this has been thrown against a wall and landed on tile, and no cracks or breaks) The viewing quality is decent. Otherwise, it is what you would expect from a tablet. I have not had another Fire before, so I can only compare this to a Samsung Galaxy, and so far, it is what I would expect from a tablet of this class.The features (the real reason for the purchase):is it worth it YES. DEFINITELYPreviously, we had been sharing our tablet and our phones with our little one, but more and more he would get into content he should not be getting into - everything from buying stuff and watching content not appropriate for his age - ie our downloads of Deadpool and Logan because these look like 'superheroes' but they are not the appropriate ones for kids - (side note: I loved how they portrayed Deadpool and Logan - we are big comic fans and they finally got their characters right!).I have even deleted YouTube from our tablets and hidden the app in our phones in files so that he can't get at them...But this tablet has been a game changer. It has GREAT parental controls.Read more",5,Positive,Positive,Other,,
R00827,great fidelity,sound is greatdifficult to connect with hotel wifi'sseems durable,4,Positive,Positive,Other,,
R00855,"Alexa works good, but...","Alexa works great, but the the sound quality of this speaker is terrible, your much better off with a echo dot and bose sound link mini set up.",3,Neutral,Neutral,Product quality issue,,
R00046,"An enlarged version of the 7 HDX - Same good internal components with a nicer screen- still a battery hog though 5,","Simply put, this is the Amazons iPad Air Killer. The 7 HDX is the iPad mini killer. Both HDXs inherent very similar hardware. This means the 8.9 version is an enlarged version of the 7 version. For my 7 version review, please search for my HDX 7 review.My profile: Im a heavy tablet user for personal and business purposes. I work on my tablet around 4-5 hours a day (Email / Documents / Spreadsheet / PDF) use the tablet 1-2 hours for personal use such as watching movies or reading books/magazine. The HDX tablet is my go-to device for all internet related search I do. It is also my main electronic device, more important than my smartphones and laptopsI have the following and/or used the following before:1) iPad 12) iPad 23) iPad 44) iPad Mini5) Kindle Fire6) Kindle Fire HD7) Kindle Fire HD 8.98) Asus Transformer with Keyboard9) Nexus 7 First Gen10) Kindle HDX 7 which I also have a review you can check outAs you can see, I been through many devices and hope this review with my experience helps users decide if this is the right device for them. This will be an ongoing review for this device throughout this year. For comparison sake, I will use last year's Kindle Fire HD 8.9 and also the Fire HDX 7 as benchmarksSpeed (9/10):The same chipset is used on the Kindle Fire HDX 8.9 as it is in the Kindle Fire 7 As I mentioned in the 7 review, this is leaps and bounds faster than last year Kindle HD. Last year Kindle struggles to go through any HD video content I put in. This year's HDX able to play seamlessly all the HD 1080p contents I added. It is incredible how much the 2.2Ghz quad processor improved vs last year's model Dual 1.2Ghz.Read more",4,Positive,Positive,Other,,
R00469,Nice Tablet with Sharp Display,"To sum up what I will tell you about in the details below, for 229 you are getting a good deal on a tablet computer - especially if you compare it to the 199 for last year's first-generation Fire HD and the 500 or more you can spend on a Wi-Fi version of the iPad. Overall, if you consider the price and the functionality I think this is a great tool / toy if you watch a lot of video or play a lot of games on your device: the video quality is outstanding and you can really tell a difference between this and the new HD Fire. If you are a first-time tablet buyer, where price vs. value is a key consideration, or if you are looking for an affordable tablet for the kids, I'd recommend the regular Kindle Fire HD that is only 139. If you're comparing last year's HD model to this version and it is operating fine, I'd say save your money and continue to get your money's worth out of that one.My review below compares a lot of the features of this version of the Fire HDX to the original Fire HD as well as this year's model of the Fire HD, but also some of the features for a first-time user.Consistent with my experience with setup of this year's model of the Kindle Fire HD, setup took a long time: despite being a brand new product, the Fire HDX attempted to download and install several operating software updates. Software updates on a Kindle are usually in the background, and it was annoying watching the crashes and manual reboots. Consistent with the Fire HD, it crashed during setup, playing a song, watching a TV show, and reading a book. It took a little over an hour to get this thing up and running without consistent crashes but after the final software update it has worked as expected without further issues.Screen Display / Video Playback:This version of the Fire has the absolute best screen display of any Fire model to date. Looking at the technical specs Amazon made some major changes in the display / resolution, and the picture appears more crisp: I compared the viewing experience watching with my standard test of the Fire devices over the past couple of years - don't laugh - the first episode of the Wonder Woman TV series from the 70's. The display on this Fire was one heck of a lot better in terms of sharpness than last year's model as well as this year's model of the Fire HD. For you technical folks out there, the display is 1,920 x 1,200 with 50 more pixels per inch than the Fire HD.Wi-Fi Connectivity:The initial Wi-Fi setup took some time as it wouldn't remember the password for my router after each software update / crash / reboot series. After the final operating software update I mentioned above, however, it was fairly easy to connect to the Internet via Wi-Fi.My standard test for trying out new gadgets is to see how fast they run side-by-side with a known piece of equipment doing the same test at the best place of Wi-Fi in my house and the worst place where it drags. In this comparison, I had this HDX version of the Fire sitting next to last year's and this year's version of the HD Fire, as well as last year's 8.9 HD Fire, Motorola RAZR smartphone, my iPad 2 (yes, the Kindle guy uses an iPad for work), and the first-generation 7 Fire (the model from two years ago) all just using a Wi-Fi connection vs. cellular connectivity.My normal website test is to hit the mobile websites of FoxNews, CNN, my personalized Yahoo page, Google, and the Houston Chronicle. The ones that were usually slow on the other devices were faster on the HDX (Houston Chronicle and CNN), and for the other sites I couldn't tell a difference in speed at the location closest to my router. When I went to the slowest / worst reception location of my house, the speed did have a noticeable difference in the other devices as this one was a little bit faster than all but last year's model of the 7 Kindle Fire HD yes, it was also faster than this year's model of the Fire HD but I attribute the increase in speed to the dual antennas on the HDX.Sound / Music Playback:The two speakers are located in the back of the Kindle Fire in two not-noticeable ports: one on the top and one on the bottom. My test of this feature was cranking up Van Halen's Panama to maximum volume (I always want to see if it could really play the guitar licks), and I would alternate covering one speaker up over the other: you have true stereo sound with no degradation of the sound that makes you think you are about to blow the speaker. The Dolby speakers sound nice and you do get to hear the bass. However, I am still of the opinion the speakers aren't going to do very well being placed in the back as I am in the front: I want to be able to hear whatever I am listening to without really having to crank it up and disturbing someone else in the room (that's what happens when you start losing your hearing like I am). While the cover for this version has not shipped yet - why aren't the covers released at the same time - I imagine the sound quality might decrease with a cover in the back over the speakers. The X-ray feature is pretty neat as it displays the lyrics on the screen if you are so inclined if you are not, it is as simple as the tap of an icon to make the lyric feature go away.Email Setup:Consistent with previous versions of the Fire, email setup was very easy for my main Gmail account, both with the software came with the Fire but my primary use of an existing app called Enhanced Email I purchased here in the Amazon app store. I did setup the email app that came with the program with no problem - it took about a minute to setup my main Google account - and I was able to send and receive emails as well as synch my online calendar via Google's calendar and contacts. For those of you asking yourself why am I using the Enhanced Email program, the simple answer is like many of you I have more than one email account: you can quickly switch back and forth on the accounts with the tool. The lazy person in me appreciates that as I don't like getting out of the lazy chair once I'm settled in!New Tabs and Screen Layout:In addition to the normal tabs Amazon has continued to make tweaks with the look and feel to the overall display such as more things to scroll through to find what you are looking for in an easier manner. Interestingly, and consistent with my experiences with this year's model of the Fire HD, I purchased the one with special offers and the only ad I have seen so far is on the main screen saver vs. being overwhelmed with ads like last year's model.Reading Books:Turning pages is pretty darn easy - just tap the side of the screen to go to the next page or back a page, or you can swipe your finger across the screen to do the same. Amazon did add the feature to see the book's description for books on your device like they have with the e-Ink Kindle (always an annoyance with last year's model), which is a plus as I can't remember what each book in my digital to-be-read pile is about getting to the book description, requires several taps on the screen to eventually get to where you want to be. If there is an easier way to do it, I can't find it and maybe I should be one of the first guys, ever, to crack open the electronic user's manual to figure it out (doubt it). For those of you who have wondered, you still can't organize your books into categories unless you purchase a third-party app/a here in the Amazon app store.BluetoothThere is a Bluetooth connection, and I did my usual test of this feature by taking it out to my car and having the Fire stream music through my car stereo. There were no delays or skips with the connection, and it paired up in about a minute. Just make sure you give it a device name so you can recognize it and be recognized.Camera:There is a camera on this model - it faces the front or toward the user / reader. Focusing and taking a picture is pretty easy, and Amazon will by default store your pictures in the Cloud - which counts against your storage allotment. I'd recommend turning that automatic storage feature off unless you are sure you want it, because if you go over the limit that will provide Amazon another opportunity to collect a monthly revenue stream from you.Charger:Unlike previous models of the Fire, this one DOES include a charger! If you're scratching your head with that comment, in previous models you had to purchase a charger separately for 20 which always seemed kind of silly for Amazon to do.Mayday button:A new feature with this model, and not included on this year's regular model of the Fire, is the introduction of the Mayday button. Basically, you can touch the button and a video screen will pop up and you can actually see - and talk to - a live customer service agent. I haven't pressed the button yet to try it out, as I think I would feel pretty dumb: when they ask me how can they help, I don't want to say I just wanted to see if this works and just stopped by to say hi' for purposes of this review.What I Wish it Had: a case that was ready to go and shipped when the Fire was ready (why are we waiting). A case is very important in order to protect your investment. Also, I'm interested to see how they try to not hurt the speaker's performance I mentioned above due to the speakers being in the back of the unit and hopefully not covered up with a case.Overall, at 229 for the 16GB of memory model (309 for 64 GB of memory) I think this is a good deal for someone who really uses the video / apps feature. Kids will love it as they can read books, play games, watch TV and movies, and a whole lot of other things. Adults should like it for the exact same reasons, but while I try to minimize the amount of work-related stuff I do at home with the business apps that are available here in the Amazon App store and other places around the Internet I can also work on Excel and Word-compatible files when I have to without having to fire up my work laptop or whatever the case may be. If you've never owned a tablet before, or are looking to upgrade from an earlier model Fire, I would recommend this one if video and apps are your thing - but make sure you purchase the higher memory one vs. the minimum 16 GB. If you're comparing last year's HD model to this version and it is operating fine, or looking for a tablet for your younger children, I'd say save your money and continue to get your money's worth out of last year's model or get this year's model of the Kindle Fire HD at 139. Read more",4,Positive,Positive,Product quality issue,,
R00326,This tablet is AMAZING!,"First, let me say that this is my first Fire tablet. I've previously had either iPad's or Android tablets. I was skeptical at first because I've generally only liked iPad's, but I decided to give it a try and I'm glad I did. I paid full price for this product and am not being compensated in any manner to post this review.Let's just jump right to the Pro's and Con's shall wePro's:FastAmazing Screen resolutionGreat soundResponsiveAlexa is kind of awesomeBattery life. OMG! I've charged it once so far, I've watched YouTube videos on it, streamed a movie and a few TV shows and I use it for Facebook and I'm not even half way down on the battery after 3 days. Wow!The OS. The operating system is simple, responsive, and beautifully done. Everything is easy to find and it's really easy to navigate.Con's:Only one Con...Charge port. The charge port is sticky and doesn't seem as high quality.Overall this is a fantastic tablet and worth so much more than the price. I LOVE IT!",5,Positive,Positive,Other,,
R00093,Save your batteries by keeping remote in another room when not in use,"Without an on / off button, I have found that the controller comes on (the light comes on showing it's connected to the FireTV) even when not in use. I am assuming this is why the batteries were draining so quick. Now, I put the remote into a 2nd room when I am not using it and the batteries last a normal lifespan. The light never turns on know when the remote is in the other room.",3,Neutral,Neutral,Product quality issue,,
R00233,I love my Fire TV,"I got mine from an electronics store, because I didn't want to wait for it to arrive in the mail. Setup was a breeze. I don't have cable, so prior to this, I had to hook my laptop up to my TV to enjoy Prime and Netflix content on it. I'm also really pleased that they added a YouTube app That was the number one drawback for me when considering this device. From what I've read, I figured I'd sideload one, but they saved me the trouble.Once I signed in to YouTube and linked my mobile devices, I even gained the ability to send content to my TV for viewing I don't have a Fire phone or Kindle (although I do have a Paperwhite), so I'm not able to comment on the connectivity with those.I can't say enough good things about this tiny box. I've had it for a couple of months and use it every day The user interface is intuitive and efficient. I really love the screen saver pictures, too. Most of them are breathtaking, and they seem to update periodically. The voice search is very accurate. There are a decent amount of apps for added content. I mostly stick to the abovementioned sources, but I added Crackle for a bit of variety.My only complaint would be about the rewind/fast forward. It's not intuitive, and takes some getting used to. I don't use that feature often, so it's no biggie to me.I did feel a bit weird about not being able to turn it off at first, but I got used to that, too. Just make sure to press the Home button when you're done for the evening or whatever, because you leave it paused in the middle of a show or something, it won't go to sleep. It remembers your place in whatever you were watching, so no worries about that.I look forward to continued software improvements, and plan on getting a game controller sometime soon, so I can try out the games.",5,Positive,Positive,Other,,
R00061,The Extra Touch,"I am thoroughly impressed with my Echo Dot and this case takes it to the next level by appearing as a much higher end product vs. a nerdy plastic computer sitting on your kitchen countertop. The construction is solid and it is slightly lifted to still allow audio access from the bottom of the Echo. This case/cover will give your Echo the needed extra touch allowing it to blend in, but still offer the great functionality of Alexa.",5,Positive,Positive,Other,,
R01057,"Love my Oasis. This cover, though Eh.","Edit 6/15/17 After three months of use, I still don't love it. It works well, no complaints, but it marks up easily and the sides began flaking off. My original black cover had shown signs of wear due to repeatedly falling asleep with it folded back. I was much more careful with the merlot, and it showed more signs after a shorter period of time. And the flaky thing along the sides looks and feels just cheap. And for 90, I would expect real leather. So I switched back to my original black cover and I'm just letting it age with the device. I guess the plus side is that the merlot made me like the black cover more, but the downside is it cost 90 to do so. Ridiculous.As stated in the title, I love my Oasis. I've had it for about six months and, with the exception of the defective first one I received which was promptly replaced, I haven't had a problem out of it. I had gotten the black cover because black is my default choice, always. However, a couple of months ago I had gotten a screen protector and skin for the Oasis, and I just wasn't feeling the black cover anymore. I had considered the merlot (I think the walnut would feel nicer to the touch, but I despise brown leather) so I gave in after much consideration and ordered it. It didn't arrive with the bundle of things that it was supposedly shipped with, but after a quick call to customer service I had a new tracking number. It finally arrived today. I am disappointed to say that I don't love it. It smells funny, as I done remember my original doing. The color is duller than in the picture. Maybe my expectations had overblown due to the wait and the whole two tracking numbers thing, but I just don't love it.Read more",2,Negative,Negative,Product quality issue,,
R01025,Bluetooth Speaker,Enjoying my Amazon Tap portable Bluetooth and Wi-F Speaker. It's everything I thought it would be an MORE!,5,Positive,Positive,Other,,
R00984,Great speaker,This is not like the Amazon Echo however this speaker is loud and sounds good...but you will lose bass if it's at max volume (not recommended if you like bass),5,Positive,Positive,Other,,
R00420,"Fun, Durable, only a few minor issues","I purchased the Kindle Fire HD after returning a Lenovo Idea Pad. I have also had experience with iPads. Having said that, the Kindle Fire HD is an exceptional value for the money. The screen is FANTASTIC. Glare is kept to a minimum, colors a bright and vibrant, text is clear and easily read, movies look phenomenal in HD. Also, the sound quality and volume is bar-none for a device this size. The touch screen is responsive and shortcuts like tapping, double tapping, and pinch zoom work great. The size, weight and thickness are great for portability. It is easily slipped into the interior pocket of a jacket and takes up little room in a backpack. The weight and size makes it easy to hold with just one hand and the rubberized back panel is great for grip. The amazon store provides an almost unlimited supply, of books, movies, tv shows, music, magazines, and newspapers that is only improved with a subscription to amazon prime. Now, for the negatives. The power button and volume rocker are tough to find as they are flush with device and provide little tactile feedback when looking for them. I solved this problem by putting a thin strip of colored tape on the side of the device that has these buttons. The Amazon app store is very limited when compared to the full android app store. Hopefully the app library will only grow with the device's popularity. Apps from the full android store can be side loaded in a few easy steps but please be aware that not all apps will work with the kindle. Lastly, the carousel home screen is about as useful as a spoon is for cutting steak. Say you are finished reading a magazine and want to switch to another app, when you go back to the home screen, the magazine you just read and are done with is the first thing you see.Read more",4,Positive,Positive,Other,,
R01088,Awesome Headphones! Longevity An Issue 808 people found this helpful. Was this review helpful to you Yes No,"While I've purchased items from Amazon for years, I rarely write reviews. I felt compelled to write one because, although there are only a few reviews at this point, I have never seen such a good product get such bad reviews. I'm hoping as more people purchase these, the star rating will be more accurate of the product itself. I'll address the three biggest complaints I've read from others:Sound Quality: I think these headphones sound great. I've never owned an expensive pair so I'm not able to compare them to higher-end offerings, but I've owned dozens of cheap and mid-range headphones in the 15-50 range. I'm not an audiophile or a musician so if I'm missing something that should be coming through, but isn't, I'm fine with my ignorance. I would say they're slightly better than Apple's buds (which I liked very much and used for years, most recently using their redesigned ones for about a year). There's no tinny, listening through a can sound that's all-too-common with headphones in this price range. As far as people saying they don't compare to Apple's buds, well I don't know, maybe they have some crazy exclusive version of Apple's buds that are amazing. But compared to the regular earpods, I think Amazon's headphones actually sound a bit better. They provide a nice, full sound and represent highs, lows and mids equally well (mainly listening to metal).Fit and Feel: Some people have complained about these falling, or feeling like they're going to fall, out of their ears. There's some validity to this, although obviously it depends on your specific ears. I don't feel like they're going to fall out at all, but if I give the cord a tug, they don't stay as secure as my Apple buds.Read more",3,Neutral,Positive,Other,,
R00737,Echo Tap,"Overall for an Alexa product it does the same thing as all the other ones. This one is specifically portable and only needs to be put on the base for charging. The one main issue is that it is not voice activated (meaning it does not listen to you unless you press any of the buttons on top or the mic button in front. By having this feature, I could see it causing excess battery usage. Needs to be able to apps better.",3,Neutral,Neutral,Product quality issue,,
R01012,Great Product,This speaker is great and not only is it a speaker but it's got the Alexa application!,5,Positive,Positive,Other,,
R00238,No Off Button,"I would have rated this higher (4 stars) but I am taking off 2 stars for not having an 'off' or a 'sleep mode' button. It is supposed to go to sleep after 30 minutes but mine has not gone to sleep much since plugging it in a few days ago. So far it is only a slight improvement over my LG blu-ray players which allows me to watch amazon videos. I only see a few Interesting games so I will continue using my Xbox and my Kindle tablets until more games are available. For the price, I could have waited.",2,Negative,Negative,Product quality issue,,
R01135,Awesome Headphones! Longevity An Issue 791 people found this helpful. Was this review helpful to you Yes No,"While I've purchased items from Amazon for years, I rarely write reviews. I felt compelled to write one because, although there are only a few reviews at this point, I have never seen such a good product get such bad reviews. I'm hoping as more people purchase these, the star rating will be more accurate of the product itself. I'll address the three biggest complaints I've read from others:Sound Quality: I think these headphones sound great. I've never owned an expensive pair so I'm not able to compare them to higher-end offerings, but I've owned dozens of cheap and mid-range headphones in the 15-50 range. I'm not an audiophile or a musician so if I'm missing something that should be coming through, but isn't, I'm fine with my ignorance. I would say they're slightly better than Apple's buds (which I liked very much and used for years, most recently using their redesigned ones for about a year). There's no tinny, listening through a can sound that's all-too-common with headphones in this price range. As far as people saying they don't compare to Apple's buds, well I don't know, maybe they have some crazy exclusive version of Apple's buds that are amazing. But compared to the regular earpods, I think Amazon's headphones actually sound a bit better. They provide a nice, full sound and represent highs, lows and mids equally well (mainly listening to metal).Fit and Feel: Some people have complained about these falling, or feeling like they're going to fall, out of their ears. There's some validity to this, although obviously it depends on your specific ears. I don't feel like they're going to fall out at all, but if I give the cord a tug, they don't stay as secure as my Apple buds.Read more",3,Neutral,Positive,Other,,
R00951,Love it!,I love my tap. It sounds great and is so easy to use.,5,Positive,Positive,Other,Sudha,
R00963,Amazon tap is great,Is it operate my wife loves it my granddaughter knows how to operate a good sounding Bluetooth speaker great freedom it even tells knock knock jokes in makes my granddaughter crack up that makes it worth every penny I paid useful to recommend to anybody,5,Positive,Positive,Other,Sudha,
R00389,"Great basic tablet for Amazon fans 9,","As a background, I am a retired Information Systems professional and I am writing my first impressions of the NEW Fire HD 8 released on September 21, 2016 from the perspective of being a long-term Kindle user. I have all the current e-readers and Fire devices from Amazon including the basic Kindle, the Paperwhite (2013,2014,2015 models), the Fire HD6, Fire HD7, Fire HDX7 and Fire HDX8.9 (3rd and 4th generation), the old Fire HD 8 and the Fire HD 10. Here is a summary of my initial impressions of the new Fire HD8.Amazon has replaced the original HD 8 released in 2015 with an All-New HD 8. Amazon is also removing the Fire HD6, which is a shame as it is a great little tablet.The new HD 8 differs from the old version as follows:BEST NEW FEATURE:The price has been reduced! The 16 GB version of the old device cost 169.99 with special offers (ads). The new 16 GB version costs 89.99 and you can get a 32 HB version for 30 more.SECRETLY REMOVED:Amazon has removed the ability to mirror your display on Miracast devices such as TVs. Now that feature is now only available on generation 4 and 5 Fires including last years HD 8. However, you can still cast Prime videos to a FireTV or Fire Stick.WHAT COMES IN THE BOX:The HD8 Fire, a short 3-foot USB cord and a power adapter so you can charge and use the device right out of the box.SIZE:The new HD8 is a fraction thicker than the 2015 HD8. Leather cases for the old HD 8 will fit the new HD 8 but hard shell cases will not. However the auto wake feature of some older cases won't work.One complaint I had about the earlier versions was that the back was very slick and slippery to hold without a case.Read more",5,Positive,Positive,Other,Sudha,Duplicate
R00602,Great product,Works just like echo but portable!! Great stuff. As described!,5,Positive,Positive,Other,Sudha,
R00116,"No big improvement in the 2015 model 10,","Review updated September 17, 2015As a background, I am a retired Information Systems professional and I am writing this review from the perspective of being a long-time Kindle user. I have all the current e-readers and Fire devices from Amazon including the basic Kindle, the 2013, 2014 and new 2015 Paperwhite, the Fire HD6, Fire HD7, Fire HDX7 and Fire HDX8.9. This review is for the 2015 All-New Kindle Paperwhite. The attached picture shows the 2014 Kindle on the left and the new 2015 Kindle on the right. Here is the summary of my initial impressions of the 2015 model versus the 2014 model.I am somewhat disappointed in the 2015 version as there is not a huge improvement over last years model. The Paperwhite made many improvements from its original first generation 2012 model to its second generation 2013 model, especially in the display and processor area. The 2013 model came with 2 GB storage, a wonderful display, a great battery and was the e-book workhorse. The second generation 2014 model changed by only increasing storage to 4 GB. The third generation 2015 model increased the display resolution but reduced the battery life slightly.WHAT COMES IN THE BOX: A Paperwhite device, a quick-start guide and a short USB cord. Amazon still does not supply a power adapter.SIZE: Its the same identical size as the older Paperwhites. The weight has been reduced slightly from 7.3 to 7.2 ounces, a fraction of an ounce, most likely because of a smaller battery.The good news is that all cases that fit the other Paperwhites will fit the 2015 version!!DISPLAY: The resolution has been bumped up to 300 ppi, equivalent to the Voyage.Read more",5,Positive,Positive,Other,Sudha,Duplicate
R00199,"I like it Amazon...But this is IMPORTANT 5,862 people found this helpful. Was this review helpful to you Yes No An Amazon.com official commented on this review","An Amazon.com official commented on this review(What's this) The Amazon team saysJuly 30, 2014Hi Dallas, thank you for sharing your feedback. We wanted to let you know that we made it easier to find your favorite Prime content with the click of your remote. You can now browse many more Prime-only categories, including Top Prime TV, Top Prime Movies, Prime TV for Kids, Prime Movies for Kids, Prime TV by Genre, and Prime Movies by Genre.",4,Positive,Positive,Other,Sudha,Duplicate
R00489,Tap Alexa on the go!,"It was just a few weeks ago that I was bemoaning the fact that I did not scoop up an Echo back when they were being released last year. Not only could it be had at nearly half off the current price, but it came with a voice remote and we could have had a year longer using this amazing device...Well, here I am, a year late to the game and I can now proudly say that I own both an Echo and this new little Tap! Can I just say that I am OBSESSED with all things Echo and Alexa. These are devices that you may not realize how much you'll use it until you've given them a try.I have been spending the last few years getting our home automated. I currently use a combination of Smartthings, IFTTT and Logitech Harmony to control the home. Alexa fits right into the middle of all that and gives us the ability to control our home via voice. For me, this is the killer feature. I can integrate all three parts of our home control right into Echo/Tap and make our house even smarter with very minimal setup.Read more",5,Positive,Positive,Other,Sudha,
R00862,Great product,The product it amazing love that it turns in lights on and plays my favorite music.,5,Positive,Positive,Other,Sudha,
R00657,Good,"Good, but not overall as capable or comprehensive as I was hoping. Will continue to explore capabilities and Apps.",4,Positive,Positive,Other,Sudha,
R00119,"No big improvement in the 2015 model 10,","Review updated September 17, 2015As a background, I am a retired Information Systems professional and I am writing this review from the perspective of being a long-time Kindle user. I have all the current e-readers and Fire devices from Amazon including the basic Kindle, the 2013, 2014 and new 2015 Paperwhite, the Fire HD6, Fire HD7, Fire HDX7 and Fire HDX8.9. This review is for the 2015 All-New Kindle Paperwhite. The attached picture shows the 2014 Kindle on the left and the new 2015 Kindle on the right. Here is the summary of my initial impressions of the 2015 model versus the 2014 model.I am somewhat disappointed in the 2015 version as there is not a huge improvement over last years model. The Paperwhite made many improvements from its original first generation 2012 model to its second generation 2013 model, especially in the display and processor area. The 2013 model came with 2 GB storage, a wonderful display, a great battery and was the e-book workhorse. The second generation 2014 model changed by only increasing storage to 4 GB. The third generation 2015 model increased the display resolution but reduced the battery life slightly.WHAT COMES IN THE BOX: A Paperwhite device, a quick-start guide and a short USB cord. Amazon still does not supply a power adapter.SIZE: Its the same identical size as the older Paperwhites. The weight has been reduced slightly from 7.3 to 7.2 ounces, a fraction of an ounce, most likely because of a smaller battery.The good news is that all cases that fit the other Paperwhites will fit the 2015 version!!DISPLAY: The resolution has been bumped up to 300 ppi, equivalent to the Voyage.Read more",5,Positive,Positive,Other,Sudha,Duplicate
R00929,Great Sound and cheaper than the Echo,"I love everything about it.... it is portable, sounds better than most portable speakers, and Alexa rocks it. Only thing that kept it from a 5 star rating is that you have to manually activate Alexa. Wish it would work like the Echo and Dot, while it is on its base.",4,Positive,Positive,Feature request,Sudha,
R00369,Great case with minor design flaws,"I love everything about this case except for how it fits on the Echo Dot. I was expecting a snug fit however, it is very lose and so you have to make sure that if you pick it up to move it (and the power cable is disconnected), the dot will fall out of the case.",4,Positive,Positive,Other,Sudha,
R00662,Very good bluetooth speaker,Very easy to setup and use. Still learning to maximize the usage. The instructio is too simple and not cover much using Alexa .,4,Positive,Positive,Other,Sudha,
R00240,"because I like it, but feel it's overpriced","According to the info, the Paperwhite charges faster with the charger made for a Kindle but I think any brand will work. It came in a package deal when I bought my Paperwhite otherwise I would've skipped it used what I've been using for my old Kindle. I gave it 4 stars, because I like it, but feel it's overpriced.",4,Positive,Positive,Price complaint,Sudha,
R00213,Customer Service--I'm Stunned at How Bad it Was,"I purchase almost everything with the exception of food from Amazon. I have been a prime member since the inception of the program. Without exception, I have always received EXCELLENT customer service. Until now. I'm having difficulty with my Fire TV connecting to my wifi. Last Saturday I spent approximately 1- hours (maybe 2) troubleshooting with two women techs on the phone. Mary (who I was passed to from the first tech because of her expertise) said she thought it wasn't just a problem unique to me and asked me if she could call me back on Sunday after researching the problem. I had no problem with that. No call on Sunday so I called on Monday. Much to my surprise, there was no record of my call attached to my file. The rep was confused as to whether I was talking about fire wire or Fire TV so I was first sent to a different department. Finally, I got through that fire wire was not the same as Fire TV and I was transferred back to digital. We went through the same troubleshooting taking up a lot of my time. I was willing to do it until we were going around in circles and my phone was running out of juice. The gentleman asked me if he could research and call me later in the day. NO CALL. It's Tuesday--still no call.It really pains me to have to say anything negative about Amazon's Customer Service as it has NEVER BEEN LESS THAN EXCELLENT IN THE PAST. I've noticed I haven't gotten a survey as I usually do after a customer service call. Whoever Amazon has farmed out their digital customer service to will ruin their excellent customer service reputation and they will lose sales because of it. I'm going to wager a bet that there is no record of the 3-4 hours of my time on the phone trying to solve a problem and no record of two promises to call me back. I would have had more respect for these reps if I had received a call saying they were sorry, but they weren't able to come up with a solution for me.I'm hoping Amazon has kept a record of my past reviews and will review my account and see just how much I've spent over the years as a loyal customer. I'm very disappointed that I had to write this review, and I'm hoping someone who can change things reads this and saves Amazon's reputation. I can't be the only one receiving this kind of treatment. It's obvious that the people who are techs for Fire TV are not the same techs that I've dealt with in the past. In fact, I don't think they are even in the same country. What a pity.",1,Negative,Negative,Customer service issue,Sudha,
R01131,Awesome Headphones! Longevity An Issue 777 people found this helpful. Was this review helpful to you Yes No,"While I've purchased items from Amazon for years, I rarely write reviews. I felt compelled to write one because, although there are only a few reviews at this point, I have never seen such a good product get such bad reviews. I'm hoping as more people purchase these, the star rating will be more accurate of the product itself. I'll address the three biggest complaints I've read from others:Sound Quality: I think these headphones sound great. I've never owned an expensive pair so I'm not able to compare them to higher-end offerings, but I've owned dozens of cheap and mid-range headphones in the 15-50 range. I'm not an audiophile or a musician so if I'm missing something that should be coming through, but isn't, I'm fine with my ignorance. I would say they're slightly better than Apple's buds (which I liked very much and used for years, most recently using their redesigned ones for about a year). There's no tinny, listening through a can sound that's all-too-common with headphones in this price range. As far as people saying they don't compare to Apple's buds, well I don't know, maybe they have some crazy exclusive version of Apple's buds that are amazing. But compared to the regular earpods, I think Amazon's headphones actually sound a bit better. They provide a nice, full sound and represent highs, lows and mids equally well (mainly listening to metal).Fit and Feel: Some people have complained about these falling, or feeling like they're going to fall, out of their ears. There's some validity to this, although obviously it depends on your specific ears. I don't feel like they're going to fall out at all, but if I give the cord a tug, they don't stay as secure as my Apple buds.Read more",3,Neutral,Neutral,Other,Sudha,
R01163,Very disappointed.,"Remote didn't work, did all the troubleshooting to connect, sent me a replacement remote that didn't fix it, and then when I sent the replacement remote, they couldn't find it and charged me anyway. Very disappointed.",1,Negative,Negative,Product quality issue,Sudha,
R00457,"Already very practical for overcoming disability issues 26,","We have been using Echo since April 2015. Prior to that time, my husband had been hospitalized for several weeks. He is currently wheelchair bound. We immediately installed the Hue bridge and lights as well as the WEMO outlet. With these, and dear, dear, Alexa, he has a great deal of control of his environment in ways that make him much more independent. Others might enjoy Echo for fun and convenience, but for him it is a lifeline! He has even had her turn the lights on in my bedroom when I didn't hear him call.We use the shopping list feature a lot, and my husband has added things to the list that he remembered, while I was already at the store. Should I mention he adds things like chocolate bars when I'm not looking No more paper lists! I just look at the app on my phone and things disappear as I check them off.We transport Echo from the living room to the bedroom, since it is easier for him not to have to use the remote, plus it is always there for his favorite music, an update on news, and to check the weather. Or, when he needs cheering up, I ask for a joke. Tosave plugging in behind his lift chairs, I have ordered a second plug. I love the easy reconnect to the WIFI.I was a bit worried at first about his word slurring with his Parkinson's, but it has worked the opposite way! I notice he focuses his words much better while giving commands. After he forgot her name early on, we added it so he could remember using the Zink hAppy App.My granddaughter was happy to check her math problems using Echo, and in addition to the music stations and Amazon play lists, Echo is a breeze to use as a Bluetooth device. I have used it to play my meditation apps and iTunes music.Read more",5,Positive,Positive,Other,Sudha,
R00004,I LOVE IT,"I have to say upfront - I don't like coroporate, hermetically closed stuff like anything by Apple or in this case, Amazon. I like having devices on which I can put anything I want and use it. But...I was a fairly happy user of a Nook Touch for several years, but couldn't use all its functionalities since I live in Serbia. Then I lost the Nook and since no other devices can actually be fully used in Serbia (buying books with them, using their online capabilities) except the Kindle, and since no one except Amazon ships to Serbia, and since I've actually been a happy Amazon customer since 2005 over friends' accounts and since 2007 through my own, and since the Kindle definitely has the best technology - why not buy itSo I did. What I read in many reviews about the screen/light of the Paperwhite and similar devices was no problem with mine. The light disperses just fine, except a few black blotches (maybe you can see it in the picture) at the bottom of the screen, which are actually shadows of the black plastic casing and thus can't really be avoided. As you can see in the picture without the light - there are no blotches with light out.The Paperwhite's screen is just marvelous at 300 ppi, the touchscreen works just fine, the store works here in Serbia, and in these two days I've been using it, I'm a happy guy.I had to get the hang on how to make sideloaded books behave at least almost like Amazon books, but that's fine. That's the one thing I'd like to see Amazon do in some future upgrades: make the Kindle treat sideloaded books just like the ones bought from them directly, with sharing funcion (quotes and Goodreads) enabled and so on.The size is perfect, it sits very well in the hand, the light doesn't hurt the eyes in the dark (like the light on a tab does)... the packaging was fine, no problems there and what remains to be seen now is the battery life.So far, I can only recommend it.",5,Positive,Positive,Other,Sudha,
R01071,"Awesome Headphones! Longevity An Issue 1,","While I've purchased items from Amazon for years, I rarely write reviews. I felt compelled to write one because, although there are only a few reviews at this point, I have never seen such a good product get such bad reviews. I'm hoping as more people purchase these, the star rating will be more accurate of the product itself. I'll address the three biggest complaints I've read from others:Sound Quality: I think these headphones sound great. I've never owned an expensive pair so I'm not able to compare them to higher-end offerings, but I've owned dozens of cheap and mid-range headphones in the 15-50 range. I'm not an audiophile or a musician so if I'm missing something that should be coming through, but isn't, I'm fine with my ignorance. I would say they're slightly better than Apple's buds (which I liked very much and used for years, most recently using their redesigned ones for about a year). There's no tinny, listening through a can sound that's all-too-common with headphones in this price range. As far as people saying they don't compare to Apple's buds, well I don't know, maybe they have some crazy exclusive version of Apple's buds that are amazing. But compared to the regular earpods, I think Amazon's headphones actually sound a bit better. They provide a nice, full sound and represent highs, lows and mids equally well (mainly listening to metal).Fit and Feel: Some people have complained about these falling, or feeling like they're going to fall, out of their ears. There's some validity to this, although obviously it depends on your specific ears. I don't feel like they're going to fall out at all, but if I give the cord a tug, they don't stay as secure as my Apple buds.Read more",3,Neutral,Neutral,Other,Sudha,
R00143,Maybe I was expecting more...,"I currently own the original echo which is in my living room, a dot in my bedroom, and one at work. I have lights, fans, a thermostat, surround sound, and TV all connected to my Alexa devices. Of course I had to buy one with a screen. I'm a big fan of Alexa, the products have become a routine part of my day. As soon as the Show was available to preorder I ordered one without any hesitation.Initially I wanted to put my show on a 70 inch TV stand by my 60 inch TV where my original Echo was. I figured it wouldn't look bad because I could use it as a digital picture frame also. I don't have end tables and quickly came to the realization that viewing a 7 inch screen from 8 feet away wasn't going to work for me. My Show now sits on my kitchen counter. I figured I'd get more use out of it in my living room because most of my Alexa enabled devices are in there and generally I spend more time in my living room than the kitchen.The problem with displaying the show on a kitchen counter is that the screen can only be seen from straight on if you have a larger kitchen, so if you aren't standing directly in front of it, it's hard to view the screen. You will have to turn it in a direction that it would be facing you.As far as I can tell you can not cut the screen off completely, which would make this a bad fit for a bedroom. The clock displays in white with the screen in a dim black by using the command turn off the screen. *Update* The screen can be cut off.This device was marketed as a hands free companion in the kitchen for things like recipes. My frustration is when I ask it to pull up a recipe it's inconsistent. Sometimes it wants to send the recipe to my phone, sometimes it wants me to swipe down on the screen to access the cooking directions and ingredients.Read more",3,Neutral,Negative,Product quality issue,Sudha,Changed the human sentimentn
R00139,"Keeps Getting Better, Especially for Comic Readers 2,","This is my 4th Kindle Fire, I also have the first generation, an 8.9 HDX and the new 6. The first thing that impresses is how thin and light this new model is, despite being the largest Fire to date. I love the more narrow, widescreen design of the screen, perfect for watching videos and reading books in portrait mode. Anyway, before I get carried away gushing, Ill just list my pros and one or two cons, to make this easier to read and save time.PROS:Wide screen design is perfect for videos and allows more text on a page for books.The stereo speakers sound incredible, even better than the previous HDX modelFor comic book readers comics purchased from Amazon now utilize the active panel reading mode from Comixology. I was wondering when Amazon was going to incorporate this feature for their comics, finally!Battery life seems to be similar to my 8.9 HDX, but Im happy with that considering the larger screen and thinness of the device.Considerably faster response time across the board.Finally! We can add a micro SD card to expand storage capacity! Yay!The camera takes photos that are much better quality than previous FireCONS:Would have preferred a rubberized back and case. The glossy finish is a fingerprint magnet also.Still deciding on the new software layout, maybe its because Im so familiar with the old Fire OS, but lets just say Im not blown away be the design so far.",5,Positive,Positive,Other,Sudha,
R00431,"Good as a first Paperwhite, not worthy of an upgrade 12,","This review is for the second generation Kindle Paperwhite. Like all kindle e-readers before it, this is a great product. However, I am a bit disappointed as there is not a huge improvement over last year's model. For this review, I focused on features and enhancements exclusive to the new Paperwhite and tried to make comparisons to last year's model. Also, I found somethings misrepresented or confusing in the advertising, so I will try to clear them up.HARDWAREDesign - The Kindle white has a nice look and shape. It fits well and is easy to hold in one hand. It's fairly light, so it doesn't tire the hands too much. I can grip it for long periods before having to switching hands. Its design is very similar to the previous Paperwhite - almost identical. The height and width are the same, the buttons are in the same location, and although this version is slightly lighter, it is not noticeable.Display - Although not a huge improvement from last year's model, the display is one of the best features of the Paperwhite. Like most e-readers, the Paperwhite uses digital ink technology. This model employs a more advanced version. In addition, the lighting has been upgraded, so among other things, it is more evenly lit. Together, they make for incredible viewing. In my opinion, it's one of the best digital ink e-reader display on the market. I really enjoy reading on it, text look very sharp and crisp, with little to no eye strain.Processor - The Paperwhite has an upgraded processor, which means smoother page turns and navigation. I am able to open books, flip pages, and navigate menus fairly quickly. There is barely any lag as I flip through many pages at a time. Also, the flashing effect when turning pages shows up less if at all.Read more",3,Neutral,Neutral,Other,Sudha,
R00619,Tap,It is a great addition to my home office. My Alexa is upstairs.,5,Positive,Positive,Other,Sudha,
R00192,Some nice surprises,"This was a birthday gift from my daughter. (71st birthday--certified old guy) What might I do with an Echo I bought a 3 Kindle book on using an Echo. Later I discovered most of what is in the book is probably in the on board helps, but the book makes a nice linear presentation that does not make me guess what I need to search out, and a Kindle book makes it easy for me to make notes I can find later with ease.I am using my Echo primarily as a radio. In the early 1990s I worked on my German skills by listening to a lot of shortwave radio. Most of that is now on the Internet. I could listen on my smart phone, but that uses phone battery reserves. The Echo runs on AC power from a wall outlet. The little speaker is adequate for voice broadcasts. I listen for hours to German news magazines. I can also listen to some old favorite broadcasts from Radio Canada.We live where my favorite talk radio program comes in poorly due to another station very near on the dial. But, our WiFi reaches my garage workshop and I have clear audio through Tune In. (I am having trouble linking iHeart Radio, perhaps because my subscription is not paid.)When I have asked Alexa a question she sometimes tells me she cannot answer a question I thought simple enough.I did ask for some music and was surprised to find CDs I bought as gifts are in Amazon's cloud for me to hear over Echo. Nice!",5,Positive,Positive,Other,Sudha,
R00243,Two Stars,very overpriced!,2,Negative,Negative,Price complaint,Sudha,
R00241,Charger has worked well for charging my Voyage. Comes ...,Charger has worked well for charging my Voyage. Comes as a separate purchase from the Voyage which I found. Think it should be bundledwith the purchase price of the Kindle Voyage.,5,Positive,Positive,Feature request,Sudha,
R00041,Great upgrade for aesthetics,"I'm a huge fan of the Echo family. I have two Echo's, three Dots and one Tap. No they aren't essential to my life but I love playing music, listening to the news and controlling the Philips Hue smart lights throughout my home. It was a large investment that most of the population won't make - with that being said I am not a huge fan of the way the hockey puck Dots look like. Glossy plastic looks a little cheap to me although it has no effect on the performance of them. Having the Dot cover is a great option and it looks fantastic.Some reviewers say they look cheap or fit too loose - I'm not sure why people are moving their Dots. Since Dots are made to be stationary, have a loose fitting cover isn't an issue. To me, it fits perfectly. They also aren't made of real fabric, but the important part is that it does look like the fabric in the picture. Not being fabric is a better option considering plastic is much more durable than material and will hold its color better if your Dot happens to get sunlight.I bought three covers - Blue, Grey and White. They all look good but the grey is my favorite as it doesn't attract more attention than it needs to. With that being said, I like all three colors.",5,Positive,Positive,Other,Sudha,
R00178,"A superb e-ink reader, but is it worth the money 1,","Okay, if you don't want to read my whole review, I'll summarize it right here: The Oasis is the most technologically advanced e-ink reader that Amazon - or anyone else, for that matter - has produced to date. But is it worth 290 for the least expensive version (wi-fi only with ads) In my opinion, the answer is no, not when the very capable Paperwhite is available for 100 (at the time I'm writing this). But I'm sure that there is a market for the Oasis, probably for the techno-geeks and gadgeteers like myself who love trying new products like the Oasis, and serious readers who want the absolute best possible experience in reading. But for the typical reader, I just don't think the Oasis adds enough to the reading experience to be worth the high price, especially for those who already have a Paperwhite or Voyage.For reference, here's a brief comparison of the Oasis with the Paperwhite and the Voyage:Oasis (2016)-----------------------------Size: 5.6x4.8x0.13-0.33 (thickness varies)Weight (wi-fi version): 4.6 ounces (without battery case)Display: 6 diagonal, 300 pixels per inch, 16-level grayscale, LED front-litStorage memory: 4GBPage turns: Touchscreen plus page turn buttonsNumber of fonts: 9Display lighting: Manually adjustable front-lighting (10 LEDs)Third Generation Paperwhite (2015)------------------------------Size: 6.7x4.6x0.36Weight (wi-fi version): 7.Read more",5,Positive,Positive,Other,Sudha,
R00039,Great look for Dot.,A great looking cover for the Echo Dot. It gives the Dot a softer and more elegant look. I feel that it is a little pricy for what you get but I do not regret my decision to buy this case.,5,Positive,Positive,Other,Sudha,
R01073,I hate having to shove headphones into my brain to use them...,"Edit (11/10/26) - The volume controls on these are not compatible with the new Google Pixel phones. The volume up button opens up Google Assitant as well as controlling the volume so every time you want to change the volume using the in-line controls you are going to open up Google Assistant.I bought these for a couple of reasons.First, I wanted an earbud that was NOT designed as noise cancelling. I hate having to shove headphones into my brain to use them. Apparently, a lot of people are under the assumption that these are supposed to be noise cancelling or something which they are not. They are simple earbuds. I hate not being able to hear what is going on around me and don't feel safe in public using headphones that block everything else out. These are designed just like the old style earbuds that you stick in your ears but they are more comfortable. Maybe I have small ears or something but they could never fall out or dislodge from my ears. They don't cancel the outside noise but they sit in my ears exactly as they are supposed to so the sound travels right into my ears.Second, I really like the magnets and tangle free aspects of the headphones. I use headphones while I work and the magnets allow me to hang the headphones easily when I am finished with them. The flat cord and magnets also mean the headphones never really tangle when you put them in a bag or wherever. Awesome design.Finally, the sound I get out of these seems pretty average. I would compare them to the stock Apple iPhone earbuds or a set of Sony earbuds. Nothing special. They are only 25 and a lot of that is the fact these were just released and that you are paying for the design as far as magnets in the ear buds and the nice flat cable.Read more",5,Positive,Positive,Other,Sudha,
R00203,"This box is a GAME CHANGER for on demand content! Amazon knocked it out of the park. Refreshed UPDATED with Tips! and HBO GO! 26,762 people found this helpful. Was this review helpful to you Yes No","I am not a casual user of on-demand content and devices. Having tried smart tv's from 3 brands, smart dvd/bluray players, Apple TV, WDTV, HTPC, Chromecast and too many other competing products to mention--for streaming content, before this box you really had two options (for a simple to use box that doesn't require additional items or tweaking):First is Apple TV which is easy to use (interface) but Apple limits the content you can get greatly (including no Prime Streaming built in) and it lacks a lot in features as well and is slow. The reason for selecting Apple TV is if you have other apple products that unlock features (like Amazon's content).The second option you could consider was Roku--which really means a Roku 3 box since it is heads and tails better than past Roku boxes in terms of remote and speed. Now Roku stands out with the most content and the most features of any box with the Roku 3. It is for that reason you will see me address the Roku 3 so often in this review.I have added quick summaries of other options to make sure everyone knows about the other options out there.WDTV: Are great for streaming your own content but not very user friendly.Chromecast: Is very cheap at 35 but requires other items to use (no remote included!), is limited to 16 channels according to their own site with other content broadcast via Chrome's browser not at the same quality level. This does allow you to browse the internet on your tv and is amazing for the cost but is more of a niche market than FireTV/Roku/Apple TV. But if you can live with the short comings, it is worth a look at 1/3 the price of these devices.Smart TVs: Most of these are FINE for occasional use but not nearly as pleasant to use daily like separate boxes.Read more",5,Positive,Positive,Other,Sudha,
R00945,Good Speaker for good price,good speaker. 8 hour battery. Good price. Excellent quality in how it is made.,5,Positive,Positive,Other,Sudha,
R01121,Awesome Headphones! Longevity An Issue 770 people found this helpful. Was this review helpful to you Yes No,"While I've purchased items from Amazon for years, I rarely write reviews. I felt compelled to write one because, although there are only a few reviews at this point, I have never seen such a good product get such bad reviews. I'm hoping as more people purchase these, the star rating will be more accurate of the product itself. I'll address the three biggest complaints I've read from others:Sound Quality: I think these headphones sound great. I've never owned an expensive pair so I'm not able to compare them to higher-end offerings, but I've owned dozens of cheap and mid-range headphones in the 15-50 range. I'm not an audiophile or a musician so if I'm missing something that should be coming through, but isn't, I'm fine with my ignorance. I would say they're slightly better than Apple's buds (which I liked very much and used for years, most recently using their redesigned ones for about a year). There's no tinny, listening through a can sound that's all-too-common with headphones in this price range. As far as people saying they don't compare to Apple's buds, well I don't know, maybe they have some crazy exclusive version of Apple's buds that are amazing. But compared to the regular earpods, I think Amazon's headphones actually sound a bit better. They provide a nice, full sound and represent highs, lows and mids equally well (mainly listening to metal).Fit and Feel: Some people have complained about these falling, or feeling like they're going to fall, out of their ears. There's some validity to this, although obviously it depends on your specific ears. I don't feel like they're going to fall out at all, but if I give the cord a tug, they don't stay as secure as my Apple buds.Read more",3,Neutral,Neutral,Other,Sudha,
R01154,This is a great inexpensive way to add 2nd remote to Amazon Fire TV,It's small and I don't miss voice interface. This is a 2nd one because my significant other and I like our own remotes.What I wasn't sure about was if the Amazon Fire TV would support more than one remote. But it does! You just have to register it with the Amazon Fire TV's device settings.,5,Positive,Positive,Other,Sudha,
R00774,it's good,"Doesn't understand some commands or Questions,but good overall",3,Neutral,Neutral,Other,Sudha,
R00933,"Great Speaker, no need for the tech",Great Speaker but I really don't need the features. I just need good sound and don't really use anything besides that,3,Neutral,Neutral,Other,Sudha,
R00521,Great concept,Great concept but speaker not so good at full volume. And maybe better now with the updates,4,Positive,Positive,Feature request,Sudha,
R00054,"An enlarged version of the 7 HDX - Same good internal components with a nicer screen- still a battery hog though 5,189 people found this helpful. Was this review helpful to you Yes No","Simply put, this is the Amazons iPad Air Killer. The 7 HDX is the iPad mini killer. Both HDXs inherent very similar hardware. This means the 8.9 version is an enlarged version of the 7 version. For my 7 version review, please search for my HDX 7 review.My profile: Im a heavy tablet user for personal and business purposes. I work on my tablet around 4-5 hours a day (Email / Documents / Spreadsheet / PDF) use the tablet 1-2 hours for personal use such as watching movies or reading books/magazine. The HDX tablet is my go-to device for all internet related search I do. It is also my main electronic device, more important than my smartphones and laptopsI have the following and/or used the following before:1) iPad 12) iPad 23) iPad 44) iPad Mini5) Kindle Fire6) Kindle Fire HD7) Kindle Fire HD 8.98) Asus Transformer with Keyboard9) Nexus 7 First Gen10) Kindle HDX 7 which I also have a review you can check outAs you can see, I been through many devices and hope this review with my experience helps users decide if this is the right device for them. This will be an ongoing review for this device throughout this year. For comparison sake, I will use last year's Kindle Fire HD 8.9 and also the Fire HDX 7 as benchmarksSpeed (9/10):The same chipset is used on the Kindle Fire HDX 8.9 as it is in the Kindle Fire 7 As I mentioned in the 7 review, this is leaps and bounds faster than last year Kindle HD. Last year Kindle struggles to go through any HD video content I put in. This year's HDX able to play seamlessly all the HD 1080p contents I added. It is incredible how much the 2.2Ghz quad processor improved vs last year's model Dual 1.2Ghz.Read more",4,Positive,Positive,Other,Sudha,
R00733,"Not a bad product, but the button is annoying...","I got the wrong one, plain and simple. It does what it says, and I like the connection to the internet to play music, but I should have gotten the Echo, I get annoyed at having to go to it and push the button.",4,Positive,Negative,Delivery issue,Sudha,Changed the human sentimentn
R00663,When it works I love it,When it works it's great but for some reason it doesn't always answer me When it doesn't answer me I turn off the tv and make sure no one else is talking and it still doesn't work at that time. It was easy to set up with the phone app. Doesn't seem to matter where the phone is when it isn't working. I've tried close and far and in between. So a case of great when it works and the pits when it doesn't,3,Neutral,Neutral,Other,Sudha,
R01153,Decent replacement for something that shouldnt have had to be replaced,"It blows my mind theres not a class action lawsuit against amazon for their crappy fire tv remotes. After mine died, like every other fire tv owner, i refused to buy the same crappy expensive remote only to have it die again. I found this cheaper option, it works just fine with the newer fire TV, it obviously doesnt have the alaxala voice command but i never used that anyway.",3,Neutral,Neutral,Other,Sudha,
R01023,Great,"Works great but wants you to buy subscription to get some music you may like, just found out it supports dish network",4,Positive,Positive,Other,Sudha,
R00075,Great case with minor design flaws,"I love everything about this case except for how it fits on the Echo Dot. I was expecting a snug fit however, it is very lose and so you have to make sure that if you pick it up to move it (and the power cable is disconnected), the dot will fall out of the case.",4,Positive,Positive,Other,Sudha,
R00763,Awesome device,"very interesting device, but having to touch button is a pain sometimes.if that would bother you, then go with Echo.",4,Positive,Positive,Other,Sudha,
R00492,"Awesome, smart little portable speaker","This Amazon tap is not only a great Bluetooth speaker, which is half of the reason I bought it for. But it also has some awesome voice control. I bought a wemo switch, plugged it into an old lamp, setup some commands with ittt, and in 5 minutes I was using my Amazon tap to control a lamp. Pretty cool. I love this Amazon tap it is light, portable, smart, has a great dock so I don't have to fuss with cables, and it has a 9 hour battery life, so I can go all day playing music.Being a Google play music subscriber The only thing missing from this speaker IMO, is a way to wirelessly stream my Google play music to this device using Alexa that is built in. You can use iHeartRadio, Pandora, Spotify, prime music, heck even Apple iTunes got some love, but no Google play music. Come on Amazon show me some love. I pay 15 dollars a month for a family plan which gives me and 5 family members access to Google play music and YouTube red. So it would be nice to use it on my tap. But alas the Amazon tap is a Bluetooth speaker so I can always use my phone as a streaming device, or hook my phone up through the aux port as well. But all in all this is a great speaker, that can do everything any Bluetooth speaker on the market can do plus a little bit extra.",5,Positive,Positive,Other,Sudha,
R00172,Ive loved both my Paperwhite and Voyage is the Oasis worth the additional cost,"Note: My original Kindle Oasis review was posted on 4/29/16 on this product page on Amazon: New - Kindle Oasis E-reader with Leather Charging Cover. This page is for the same product but for purchasers who wish to use it outside of the U.S. My original review follows.UPDATE 7/24/16: After using my Oasis for almost 3 months, I thought I would add a brief comment to my original review. I have settled on using the Oasis for reading in bed, where it's lighter and easier to hold and I prefer the page turn button style. For my reading elsewhere, for example if I want to read while eating, I use my Voyage w/origami case to hold it upright. I can read the same book using both Kindles since they stay synch'd to one another, and it's given me basically the best of both worlds, at least for my style of reading. The Voyage with cover almost seems clunky - bulkier and heavier - compared to the Oasis, but when it's sitting on a table it hardly matters. I have to say that I'm fortunate in being able to afford both, and the new base model Kindle that I recently picked up is not yet getting much use, even though much of my reading is in lighting conditions where the non-illuminated display works just fine. My original review follows.---------Amazon released the first Kindle in November of 2007. Eight and a half years later, the Oasis model is the 8th generation Kindle and the third evolution of Kindle with built-in illumination. The price of 300+ was a bit of a shock, but I ordered mine as soon as it was announced on April 13th.Read more",5,Positive,Positive,Other,Sudha,
R00684,Awesome,I added this to my echo collection great for on the go and around the house. I don't like that you have to tap it to activate,5,Positive,Positive,Other,Sudha,
R00108,I also own a Echo and if you own a Echo you will love the Tap,"Ok first things first, I also own a Echo and if you own a Echo you will love the Tap.Now you will see a lot of reviews around the internet of people saying they wish the Tap was voice enabled like the Echo. I happen to think those people are not completely thinking things through. Because the Echo is not meant to be a mobile device. It generally sits somewhere in your house and the voice command is then a great feature to have. But the Tap is meant to be mobile, and therefore I am happy it's not a Voice command device. I would not want to be at the beach or on a subway or at the coffee shop and having this thing think the world is taking to it. So I actually think not having a voice command is a well thought out feature. I have the Echo on my kitchen counter and the Tap in my Studio office. And when I leave my office I just grab it and go.I bought this on sale for 89 and I went to the store and listened to many Bluetooth speakers. And while yes the charge 3 sounds better, all the charge 3 can do is be a Bluetooth speaker. While the Tap is so much more for less . And the Tap sounds Great. After looking online I was a little nervous that it would not sound that great, but I was 100 wrong about that. There is no other product out there for 89 that sounds this good and can do what the Tap does.I was not paid or given a Tap to write this review. I'm just a consumer who was it the market for a Bluetooth speaker, and I could not be happier with my choice.Also if you buy this device buy the Amazon sling as well. Trust me you will want it. And honestly I am again happy I got the one that covers the bottom of the Tap. Because if this was sitting on a table and someone knocked over a drink I would not want the bottom where the charging rings are to be exposed.That's it, that's all. Buy it, you won't be disappointed!!!!!",5,Positive,Positive,Other,Sudha,
R00022,"This box is a GAME CHANGER for on demand content! Amazon knocked it out of the park. Refreshed UPDATED with Tips! and HBO GO! 26,764 people found this helpful. Was this review helpful to you Yes No","I am not a casual user of on-demand content and devices. Having tried smart tv's from 3 brands, smart dvd/bluray players, Apple TV, WDTV, HTPC, Chromecast and too many other competing products to mention--for streaming content, before this box you really had two options (for a simple to use box that doesn't require additional items or tweaking):First is Apple TV which is easy to use (interface) but Apple limits the content you can get greatly (including no Prime Streaming built in) and it lacks a lot in features as well and is slow. The reason for selecting Apple TV is if you have other apple products that unlock features (like Amazon's content).The second option you could consider was Roku--which really means a Roku 3 box since it is heads and tails better than past Roku boxes in terms of remote and speed. Now Roku stands out with the most content and the most features of any box with the Roku 3. It is for that reason you will see me address the Roku 3 so often in this review.I have added quick summaries of other options to make sure everyone knows about the other options out there.WDTV: Are great for streaming your own content but not very user friendly.Chromecast: Is very cheap at 35 but requires other items to use (no remote included!), is limited to 16 channels according to their own site with other content broadcast via Chrome's browser not at the same quality level. This does allow you to browse the internet on your tv and is amazing for the cost but is more of a niche market than FireTV/Roku/Apple TV. But if you can live with the short comings, it is worth a look at 1/3 the price of these devices.Smart TVs: Most of these are FINE for occasional use but not nearly as pleasant to use daily like separate boxes.Read more",5,Positive,Positive,Other,Sudha,
